steps,noise_param,num_circuits,mean_exact,var_exact,mean_independent_modes,var_independent_modes,density_matrices
10,0.01,50,0.008561491567814076,0.016933491721163502,0.008561491567814106,0.016976384859896707,"[[array([[ 0.4396648 +2.28983499e-16j, -0.49542968+3.01512506e-02j],
       [-0.49542968-3.01512506e-02j,  0.5603352 +1.38777878e-16j]])], [array([[ 0.42691653+1.11022302e-16j, -0.49275918+4.29790092e-02j],
       [-0.49275918-4.29790092e-02j,  0.57308347-2.49800181e-16j]])], [array([[ 0.3617995 +1.59594560e-16j, -0.47815134-4.76646284e-02j],
       [-0.47815134+4.76646284e-02j,  0.6382005 -2.22044605e-16j]])], [array([[ 0.4358742 +1.59594560e-16j, -0.49582096+7.03242051e-03j],
       [-0.49582096-7.03242051e-03j,  0.5641258 -1.38777878e-16j]])], [array([[ 0.42306841+1.66533454e-16j, -0.49348936+2.34475070e-02j],
       [-0.49348936-2.34475070e-02j,  0.57693159-1.38777878e-16j]])], [array([[ 0.42344847-6.24500451e-17j, -0.49392578+1.33109910e-02j],
       [-0.49392578-1.33109910e-02j,  0.57655153-2.77555756e-17j]])], [array([[ 0.41219095+2.77555756e-17j, -0.49215257-8.68442522e-03j],
       [-0.49215257+8.68442522e-03j,  0.58780905+4.16333634e-17j]])], [array([[ 0.41779046-4.85722573e-17j, -0.49300823+1.35821418e-02j],
       [-0.49300823-1.35821418e-02j,  0.58220954+1.24900090e-16j]])], [array([[ 0.40930575+0.00000000e+00j, -0.49144301+1.60722051e-02j],
       [-0.49144301-1.60722051e-02j,  0.59069425+9.71445147e-17j]])], [array([[ 0.4583418 -2.77555756e-17j, -0.49721571+3.22665634e-02j],
       [-0.49721571-3.22665634e-02j,  0.5416582 -2.77555756e-17j]])], [array([[ 0.41055202+0.00000000e+00j, -0.49162901+1.73199532e-02j],
       [-0.49162901-1.73199532e-02j,  0.58944798-1.11022302e-16j]])], [array([[ 0.42827286-1.52655666e-16j, -0.4943958 -2.06884437e-02j],
       [-0.4943958 +2.06884437e-02j,  0.57172714-1.38777878e-17j]])], [array([[ 0.41899174-2.08166817e-17j, -0.49314383-1.57106907e-02j],
       [-0.49314383+1.57106907e-02j,  0.58100826-2.77555756e-17j]])], [array([[ 0.42062136-8.32667268e-17j, -0.49219688+3.79639550e-02j],
       [-0.49219688-3.79639550e-02j,  0.57937864+1.38777878e-16j]])], [array([[ 0.42893663+1.59594560e-16j, -0.49312227-4.21950455e-02j],
       [-0.49312227+4.21950455e-02j,  0.57106337+1.38777878e-16j]])], [array([[ 0.44572878+5.55111512e-17j, -0.49702253-4.82096440e-03j],
       [-0.49702253+4.82096440e-03j,  0.55427122+5.55111512e-17j]])], [array([[ 0.43908735-9.71445147e-17j, -0.49566124+2.46896849e-02j],
       [-0.49566124-2.46896849e-02j,  0.56091265-5.55111512e-17j]])], [array([[ 0.41102708-1.38777878e-16j, -0.49137604-2.51675812e-02j],
       [-0.49137604+2.51675812e-02j,  0.58897292-1.52655666e-16j]])], [array([[ 0.46782423+0.00000000e+00j, -0.4988958 +8.22787378e-03j],
       [-0.4988958 -8.22787378e-03j,  0.53217577-6.93889390e-17j]])], [array([[ 0.421165  +5.55111512e-17j, -0.49268603+3.23344273e-02j],
       [-0.49268603-3.23344273e-02j,  0.578835  +9.71445147e-17j]])], [array([[ 0.37574441-5.55111512e-17j, -0.48284392+3.77133443e-02j],
       [-0.48284392-3.77133443e-02j,  0.62425559+1.11022302e-16j]])], [array([[ 0.41986011-7.63278329e-17j, -0.4934699 +8.06561137e-03j],
       [-0.4934699 -8.06561137e-03j,  0.58013989-1.38777878e-17j]])], [array([[ 0.38624958+2.08166817e-17j, -0.48629843+2.39724222e-02j],
       [-0.48629843-2.39724222e-02j,  0.61375042-8.32667268e-17j]])], [array([[ 0.4494451 +1.38777878e-16j, -0.49525114+4.65887335e-02j],
       [-0.49525114-4.65887335e-02j,  0.5505549 -5.55111512e-17j]])], [array([[ 0.41167142+9.71445147e-17j, -0.4904503 -4.07009268e-02j],
       [-0.4904503 +4.07009268e-02j,  0.58832858-9.71445147e-17j]])], [array([[ 0.37568044-2.08166817e-17j, -0.48335584+3.01957179e-02j],
       [-0.48335584-3.01957179e-02j,  0.62431956+1.11022302e-16j]])], [array([[ 0.43726872+5.55111512e-17j, -0.49489887+3.37623567e-02j],
       [-0.49489887-3.37623567e-02j,  0.56273128-1.11022302e-16j]])], [array([[ 0.41761228+2.77555756e-17j, -0.49163201+3.88616573e-02j],
       [-0.49163201-3.88616573e-02j,  0.58238772+0.00000000e+00j]])], [array([[ 0.40580872+2.77555756e-17j, -0.48993539+3.30351021e-02j],
       [-0.48993539-3.30351021e-02j,  0.59419128+1.66533454e-16j]])], [array([[ 0.40598725+3.46944695e-17j, -0.49088752+1.38220328e-02j],
       [-0.49088752-1.38220328e-02j,  0.59401275-1.52655666e-16j]])], [array([[ 0.47042199+8.32667268e-17j, -0.49878877+1.83005167e-02j],
       [-0.49878877-1.83005167e-02j,  0.52957801+2.22044605e-16j]])], [array([[ 0.41038115+4.85722573e-17j, -0.49152388-1.93062664e-02j],
       [-0.49152388+1.93062664e-02j,  0.58961885-2.22044605e-16j]])], [array([[ 0.35970352-8.32667268e-17j, -0.47972904+1.33022810e-02j],
       [-0.47972904-1.33022810e-02j,  0.64029648+0.00000000e+00j]])], [array([[ 0.43499043-7.63278329e-17j, -0.4952611 +2.21404677e-02j],
       [-0.4952611 -2.21404677e-02j,  0.56500957+2.49800181e-16j]])], [array([[ 0.418499  -2.77555756e-16j, -0.49330781+2.23467382e-03j],
       [-0.49330781-2.23467382e-03j,  0.581501  +6.93889390e-17j]])], [array([[ 0.44543626-5.55111512e-17j, -0.495134  -4.31870816e-02j],
       [-0.495134  +4.31870816e-02j,  0.55456374-9.71445147e-17j]])], [array([[ 0.37526304+1.38777878e-16j, -0.48311099+3.23181506e-02j],
       [-0.48311099-3.23181506e-02j,  0.62473696-2.77555756e-17j]])], [array([[ 0.39568641-4.85722573e-17j, -0.48896561+5.59528655e-03j],
       [-0.48896561-5.59528655e-03j,  0.60431359+1.11022302e-16j]])], [array([[ 0.39549437-8.32667268e-17j, -0.48880727+1.20840810e-02j],
       [-0.48880727-1.20840810e-02j,  0.60450563+5.55111512e-17j]])], [array([[ 0.40448962+1.11022302e-16j, -0.4906695 +1.10095935e-02j],
       [-0.4906695 -1.10095935e-02j,  0.59551038+1.38777878e-17j]])], [array([[ 0.39762555-4.85722573e-17j, -0.4893306 +8.66227939e-03j],
       [-0.4893306 -8.66227939e-03j,  0.60237445-8.32667268e-17j]])], [array([[ 0.43308347-6.93889390e-18j, -0.49546177+6.30942755e-03j],
       [-0.49546177-6.30942755e-03j,  0.56691653+1.38777878e-16j]])], [array([[ 0.41233435+8.32667268e-17j, -0.49115795+3.28420455e-02j],
       [-0.49115795-3.28420455e-02j,  0.58766565-6.93889390e-17j]])], [array([[ 0.42038953+0.00000000e+00j, -0.49325498+1.90184803e-02j],
       [-0.49325498-1.90184803e-02j,  0.57961047+1.11022302e-16j]])], [array([[ 0.37118363+2.77555756e-17j, -0.48307532-6.67631151e-03j],
       [-0.48307532+6.67631151e-03j,  0.62881637-1.11022302e-16j]])], [array([[ 0.40342552+2.22044605e-16j, -0.49057501+3.08689901e-03j],
       [-0.49057501-3.08689901e-03j,  0.59657448-5.55111512e-17j]])], [array([[ 0.39053181-8.32667268e-17j, -0.4877369 +1.13768195e-02j],
       [-0.4877369 -1.13768195e-02j,  0.60946819-4.16333634e-17j]])], [array([[ 0.3797262 +5.55111512e-17j, -0.48409056+3.45042544e-02j],
       [-0.48409056-3.45042544e-02j,  0.6202738 -1.11022302e-16j]])], [array([[ 0.43358723+6.93889390e-17j, -0.49556922-7.02177301e-04j],
       [-0.49556922+7.02177301e-04j,  0.56641277+2.08166817e-16j]])], [array([[ 0.42994864+1.94289029e-16j, -0.49382657+3.50445644e-02j],
       [-0.49382657-3.50445644e-02j,  0.57005136-2.77555756e-16j]])]]"
10,0.021544,50,0.014223166385657175,0.027834253403359585,0.014223166385657066,0.028041735847245963,"[[array([[ 0.54246246-4.16333634e-17j, -0.49819367-9.93744019e-05j],
       [-0.49819367+9.93744019e-05j,  0.45753754+5.55111512e-17j]])], [array([[ 0.38806996-5.55111512e-17j, -0.48727343+6.02235713e-03j],
       [-0.48727343-6.02235713e-03j,  0.61193004+2.08166817e-16j]])], [array([[ 0.3471755 -4.85722573e-17j, -0.47604285+5.27976913e-03j],
       [-0.47604285-5.27976913e-03j,  0.6528245 +0.00000000e+00j]])], [array([[ 0.46088405-8.32667268e-17j, -0.49700329-3.81795057e-02j],
       [-0.49700329+3.81795057e-02j,  0.53911595-6.93889390e-17j]])], [array([[ 0.42876204-5.55111512e-17j, -0.4922155 -5.14689214e-02j],
       [-0.4922155 +5.14689214e-02j,  0.57123796-1.66533454e-16j]])], [array([[ 0.33055535-8.32667268e-17j, -0.46281112-8.42281418e-02j],
       [-0.46281112+8.42281418e-02j,  0.66944465+1.38777878e-17j]])], [array([[ 0.40402143-1.94289029e-16j, -0.48271711-8.81607087e-02j],
       [-0.48271711+8.81607087e-02j,  0.59597857+2.22044605e-16j]])], [array([[ 0.40574385-2.77555756e-17j, -0.48923848+4.19700993e-02j],
       [-0.48923848-4.19700993e-02j,  0.59425615-2.77555756e-17j]])], [array([[ 0.43597824-5.55111512e-17j, -0.49533907-2.32470303e-02j],
       [-0.49533907+2.32470303e-02j,  0.56402176+5.55111512e-17j]])], [array([[ 0.39173299+1.45716772e-16j, -0.4862787 -4.25591703e-02j],
       [-0.4862787 +4.25591703e-02j,  0.60826701-2.77555756e-17j]])], [array([[ 0.40217146+2.77555756e-17j, -0.4898755 +2.12501825e-02j],
       [-0.4898755 -2.12501825e-02j,  0.59782854+1.24900090e-16j]])], [array([[ 0.34843023-8.32667268e-17j, -0.47586389-2.40865755e-02j],
       [-0.47586389+2.40865755e-02j,  0.65156977-5.55111512e-17j]])], [array([[ 0.30338416-2.77555756e-17j, -0.45956249+1.20221525e-02j],
       [-0.45956249-1.20221525e-02j,  0.69661584-1.38777878e-17j]])], [array([[ 0.40187978+8.32667268e-17j, -0.48356865+8.08317885e-02j],
       [-0.48356865-8.08317885e-02j,  0.59812022+1.38777878e-16j]])], [array([[ 0.43738662+5.55111512e-17j, -0.48763805+9.10422843e-02j],
       [-0.48763805-9.10422843e-02j,  0.56261338+4.16333634e-17j]])], [array([[ 0.45053255-8.32667268e-17j, -0.49010941+8.57072885e-02j],
       [-0.49010941-8.57072885e-02j,  0.54946745+5.55111512e-17j]])], [array([[ 0.39441224-1.94289029e-16j, -0.48775499+3.07619098e-02j],
       [-0.48775499-3.07619098e-02j,  0.60558776+9.71445147e-17j]])], [array([[ 0.36340349+5.55111512e-17j, -0.4776966 -5.61012519e-02j],
       [-0.4776966 +5.61012519e-02j,  0.63659651+6.93889390e-17j]])], [array([[ 0.37682729+1.59594560e-16j, -0.47967721+6.88349936e-02j],
       [-0.47967721-6.88349936e-02j,  0.62317271-1.38777878e-16j]])], [array([[ 0.42243716-8.32667268e-17j, -0.4895677 +6.56313053e-02j],
       [-0.4895677 -6.56313053e-02j,  0.57756284-1.52655666e-16j]])], [array([[ 0.35983688+8.32667268e-17j, -0.47870943+3.45192398e-02j],
       [-0.47870943-3.45192398e-02j,  0.64016312-1.11022302e-16j]])], [array([[ 0.39499971+8.32667268e-17j, -0.48869138-1.24769710e-02j],
       [-0.48869138+1.24769710e-02j,  0.60500029+0.00000000e+00j]])], [array([[ 0.40641958-2.77555756e-17j, -0.49090123-1.60838350e-02j],
       [-0.49090123+1.60838350e-02j,  0.59358042-4.16333634e-17j]])], [array([[ 0.42323201+2.77555756e-17j, -0.4934698 +2.43769421e-02j],
       [-0.4934698 -2.43769421e-02j,  0.57676799-5.55111512e-17j]])], [array([[ 0.49469804+1.38777878e-17j, -0.49993676-5.92692188e-03j],
       [-0.49993676+5.92692188e-03j,  0.50530196-1.38777878e-16j]])], [array([[ 0.37852736+8.32667268e-17j, -0.46672845-1.31942983e-01j],
       [-0.46672845+1.31942983e-01j,  0.62147264+2.22044605e-16j]])], [array([[ 0.4028382 +2.08166817e-16j, -0.48513388-7.21436089e-02j],
       [-0.48513388+7.21436089e-02j,  0.5971618 +2.77555756e-17j]])], [array([[ 0.41679065-2.77555756e-17j, -0.49302733-5.02602547e-04j],
       [-0.49302733+5.02602547e-04j,  0.58320935+8.32667268e-17j]])], [array([[ 0.37733492+0.00000000e+00j, -0.48173261-5.37305103e-02j],
       [-0.48173261+5.37305103e-02j,  0.62266508-2.22044605e-16j]])], [array([[ 0.37348457+6.93889390e-18j, -0.48231949-3.69019730e-02j],
       [-0.48231949+3.69019730e-02j,  0.62651543-2.49800181e-16j]])], [array([[ 0.43309723+6.24500451e-17j, -0.48882046+8.11084223e-02j],
       [-0.48882046-8.11084223e-02j,  0.56690277+0.00000000e+00j]])], [array([[ 0.33736378-5.55111512e-17j, -0.47280951+7.92559194e-04j],
       [-0.47280951-7.92559194e-04j,  0.66263622-9.71445147e-17j]])], [array([[ 0.43080342-9.02056208e-17j, -0.49518305-2.36322130e-03j],
       [-0.49518305+2.36322130e-03j,  0.56919658-5.55111512e-17j]])], [array([[ 0.45624278+0.00000000e+00j, -0.49595216+4.60083173e-02j],
       [-0.49595216-4.60083173e-02j,  0.54375722+1.11022302e-16j]])], [array([[ 0.36407561-2.77555756e-17j, -0.48032625-2.84826110e-02j],
       [-0.48032625+2.84826110e-02j,  0.63592439-2.77555756e-17j]])], [array([[ 0.29518952+8.32667268e-17j, -0.45324432+5.12079666e-02j],
       [-0.45324432-5.12079666e-02j,  0.70481048-2.22044605e-16j]])], [array([[ 0.41655499+1.94289029e-16j, -0.48577026-8.40486859e-02j],
       [-0.48577026+8.40486859e-02j,  0.58344501+1.80411242e-16j]])], [array([[ 0.49548448+8.32667268e-17j, -0.49806782-4.36812817e-02j],
       [-0.49806782+4.36812817e-02j,  0.50451552-8.32667268e-17j]])], [array([[ 0.41100509+2.77555756e-17j, -0.4904803 -3.88456623e-02j],
       [-0.4904803 +3.88456623e-02j,  0.58899491+4.16333634e-17j]])], [array([[ 0.48496474+2.77555756e-17j, -0.4947038 -7.10076872e-02j],
       [-0.4947038 +7.10076872e-02j,  0.51503526+1.38777878e-17j]])], [array([[ 0.44742243+3.19189120e-16j, -0.49485754-4.84934659e-02j],
       [-0.49485754+4.84934659e-02j,  0.55257757+2.77555756e-17j]])], [array([[ 0.4112192 -8.32667268e-17j, -0.49065502+3.70893087e-02j],
       [-0.49065502-3.70893087e-02j,  0.5887808 +6.93889390e-17j]])], [array([[ 0.40639812+5.55111512e-17j, -0.49077982+1.93354008e-02j],
       [-0.49077982-1.93354008e-02j,  0.59360188-2.77555756e-17j]])], [array([[ 0.4657267 +1.24900090e-16j, -0.49599903+5.30122879e-02j],
       [-0.49599903-5.30122879e-02j,  0.5342733 -2.35922393e-16j]])], [array([[ 0.37076995+5.55111512e-17j, -0.48030538-5.10523095e-02j],
       [-0.48030538+5.10523095e-02j,  0.62923005+0.00000000e+00j]])], [array([[ 0.41177902+8.32667268e-17j, -0.48970365-4.90652185e-02j],
       [-0.48970365+4.90652185e-02j,  0.58822098+8.32667268e-17j]])], [array([[ 0.41280782+0.00000000e+00j, -0.49120438-3.34033387e-02j],
       [-0.49120438+3.34033387e-02j,  0.58719218-6.93889390e-17j]])], [array([[ 0.50192726+1.38777878e-17j, -0.49821251-4.21969657e-02j],
       [-0.49821251+4.21969657e-02j,  0.49807274-1.11022302e-16j]])], [array([[ 0.33822294-8.32667268e-17j, -0.47211905+3.05251101e-02j],
       [-0.47211905-3.05251101e-02j,  0.66177706+1.80411242e-16j]])], [array([[ 0.3761251 -8.32667268e-17j, -0.48056932+6.08944524e-02j],
       [-0.48056932-6.08944524e-02j,  0.6238749 -2.77555756e-17j]])]]"
10,0.046416,50,0.028612851131172352,0.05403096416977437,0.02861285113117227,0.05558831176263528,"[[array([[ 0.27038243+8.32667268e-17j, -0.44094839-5.32943473e-02j],
       [-0.44094839+5.32943473e-02j,  0.72961757+0.00000000e+00j]])], [array([[ 0.30623484-2.77555756e-17j, -0.45877591+4.44941173e-02j],
       [-0.45877591-4.44941173e-02j,  0.69376516+2.77555756e-17j]])], [array([[ 0.37184748+1.11022302e-16j, -0.48294522+1.84620534e-02j],
       [-0.48294522-1.84620534e-02j,  0.62815252-6.93889390e-17j]])], [array([[ 0.25672176+1.38777878e-16j, -0.4350995 -3.87830185e-02j],
       [-0.4350995 +3.87830185e-02j,  0.74327824-8.32667268e-17j]])], [array([[ 0.26601933-5.55111512e-17j, -0.43037371+1.00157468e-01j],
       [-0.43037371-1.00157468e-01j,  0.73398067+5.55111512e-17j]])], [array([[ 0.4588931 +1.80411242e-16j, -0.37807094-3.24611435e-01j],
       [-0.37807094+3.24611435e-01j,  0.5411069 -2.35922393e-16j]])], [array([[ 0.32048516+9.02056208e-17j, -0.46619689-2.08538142e-02j],
       [-0.46619689+2.08538142e-02j,  0.67951484+1.94289029e-16j]])], [array([[ 0.47099648-1.11022302e-16j, -0.47678595-1.47763163e-01j],
       [-0.47678595+1.47763163e-01j,  0.52900352+8.32667268e-17j]])], [array([[ 0.42230019+1.04083409e-16j, -0.48659675-8.47722671e-02j],
       [-0.48659675+8.47722671e-02j,  0.57769981-1.04083409e-16j]])], [array([[ 0.44167874-1.59594560e-16j, -0.46665847+1.69789575e-01j],
       [-0.46665847-1.69789575e-01j,  0.55832126+1.66533454e-16j]])], [array([[ 0.53915485-4.16333634e-17j, -0.49843048-5.82736517e-03j],
       [-0.49843048+5.82736517e-03j,  0.46084515+1.24900090e-16j]])], [array([[ 0.43194217+4.85722573e-17j, -0.49534536-1.05180882e-03j],
       [-0.49534536+1.05180882e-03j,  0.56805783-1.94289029e-16j]])], [array([[ 0.44235904-6.93889390e-17j, -0.49657577-9.48799005e-03j],
       [-0.49657577+9.48799005e-03j,  0.55764096-5.55111512e-17j]])], [array([[ 0.54956037+2.77555756e-17j, -0.49744388-9.66229144e-03j],
       [-0.49744388+9.66229144e-03j,  0.45043963-2.77555756e-17j]])], [array([[ 0.52790018+8.32667268e-17j, -0.49829579-3.03789670e-02j],
       [-0.49829579+3.03789670e-02j,  0.47209982-2.77555756e-17j]])], [array([[ 0.50047886+8.32667268e-17j, -0.49793078-4.54391011e-02j],
       [-0.49793078+4.54391011e-02j,  0.49952114-8.32667268e-17j]])], [array([[ 0.4970965 -6.93889390e-17j, -0.49988613-1.02678616e-02j],
       [-0.49988613+1.02678616e-02j,  0.5029035 +5.55111512e-17j]])], [array([[ 0.37842927-1.38777878e-16j, -0.46263722+1.45558783e-01j],
       [-0.46263722-1.45558783e-01j,  0.62157073+1.94289029e-16j]])], [array([[ 0.34568929-1.52655666e-16j, -0.47354318-4.41028922e-02j],
       [-0.47354318+4.41028922e-02j,  0.65431071+5.55111512e-17j]])], [array([[ 0.50734085-3.46944695e-17j, -0.4862855 +1.16071210e-01j],
       [-0.4862855 -1.16071210e-01j,  0.49265915-2.77555756e-17j]])], [array([[ 0.51322952+6.93889390e-17j, -0.49805786+4.19922373e-02j],
       [-0.49805786-4.19922373e-02j,  0.48677048-1.38777878e-17j]])], [array([[ 0.48964793+1.04083409e-16j, -0.49712327-5.25479743e-02j],
       [-0.49712327+5.25479743e-02j,  0.51035207-7.63278329e-17j]])], [array([[ 0.51044853-8.32667268e-17j, -0.49931408-2.40057909e-02j],
       [-0.49931408+2.40057909e-02j,  0.48955147-2.77555756e-17j]])], [array([[ 0.22586432+2.77555756e-17j, -0.41692081-3.20416771e-02j],
       [-0.41692081+3.20416771e-02j,  0.77413568+4.16333634e-17j]])], [array([[ 0.3353153 +5.55111512e-17j, -0.46391657-8.75235229e-02j],
       [-0.46391657+8.75235229e-02j,  0.6646847 +0.00000000e+00j]])], [array([[ 0.25050545+5.55111512e-17j, -0.43326042-6.15442641e-03j],
       [-0.43326042+6.15442641e-03j,  0.74949455-8.32667268e-17j]])], [array([[ 0.4270535 +1.64798730e-16j, -0.49464766+1.58162139e-03j],
       [-0.49464766-1.58162139e-03j,  0.5729465 -8.67361738e-17j]])], [array([[ 0.37795091+1.11022302e-16j, -0.45329393+1.72129689e-01j],
       [-0.45329393-1.72129689e-01j,  0.62204909-1.66533454e-16j]])], [array([[ 0.41750269-2.08166817e-17j, -0.48549595-8.65325086e-02j],
       [-0.48549595+8.65325086e-02j,  0.58249731-1.11022302e-16j]])], [array([[ 0.37792311+1.66533454e-16j, -0.48423321-2.48078495e-02j],
       [-0.48423321+2.48078495e-02j,  0.62207689+5.55111512e-17j]])], [array([[ 0.29076283+1.35308431e-16j, -0.40882698+1.97687398e-01j],
       [-0.40882698-1.97687398e-01j,  0.70923717+2.08166817e-16j]])], [array([[ 0.30252016-1.31838984e-16j, -0.45906177+1.62482492e-02j],
       [-0.45906177-1.62482492e-02j,  0.69747984+0.00000000e+00j]])], [array([[ 0.49771725+1.31838984e-16j, -0.48533529+1.20185037e-01j],
       [-0.48533529-1.20185037e-01j,  0.50228275-1.38777878e-16j]])], [array([[ 0.27431207+2.42861287e-17j, -0.43811886+8.43612741e-02j],
       [-0.43811886-8.43612741e-02j,  0.72568793+1.11022302e-16j]])], [array([[ 0.28886442+8.32667268e-17j, -0.45124105+4.24650271e-02j],
       [-0.45124105-4.24650271e-02j,  0.71113558-6.93889390e-17j]])], [array([[ 0.43950816+2.77555756e-17j, -0.49632652-8.49028669e-04j],
       [-0.49632652+8.49028669e-04j,  0.56049184+2.77555756e-17j]])], [array([[ 0.38099308-1.17961196e-16j, -0.4856258 -2.22166034e-03j],
       [-0.4856258 +2.22166034e-03j,  0.61900692-1.66533454e-16j]])], [array([[ 0.44536339+2.77555756e-17j, -0.47272337-1.53451818e-01j],
       [-0.47272337+1.53451818e-01j,  0.55463661-6.93889390e-17j]])], [array([[ 0.43517512+6.93889390e-17j, -0.49198346+6.12373425e-02j],
       [-0.49198346-6.12373425e-02j,  0.56482488+0.00000000e+00j]])], [array([[ 0.32851855-2.77555756e-17j, -0.43224536-1.83733670e-01j],
       [-0.43224536+1.83733670e-01j,  0.67148145+2.35922393e-16j]])], [array([[ 0.49983777+0.00000000e+00j, -0.49097377-9.45765924e-02j],
       [-0.49097377+9.45765924e-02j,  0.50016223+5.55111512e-17j]])], [array([[ 0.5386653 +1.38777878e-17j, -0.49796939-2.30539536e-02j],
       [-0.49796939+2.30539536e-02j,  0.4613347 -2.77555756e-17j]])], [array([[ 0.5073058 -8.32667268e-17j, -0.45895886-1.98250835e-01j],
       [-0.45895886+1.98250835e-01j,  0.4926942 +0.00000000e+00j]])], [array([[ 0.47265922-1.38777878e-17j, -0.49913164-1.09584060e-02j],
       [-0.49913164+1.09584060e-02j,  0.52734078+1.80411242e-16j]])], [array([[ 0.40164548+9.71445147e-17j, -0.46028694-1.68707812e-01j],
       [-0.46028694+1.68707812e-01j,  0.59835452+0.00000000e+00j]])], [array([[ 0.39133664+2.77555756e-17j, -0.48725171-2.78933997e-02j],
       [-0.48725171+2.78933997e-02j,  0.60866336+5.55111512e-17j]])], [array([[ 0.47973532+2.22044605e-16j, -0.49895615-2.51417379e-02j],
       [-0.49895615+2.51417379e-02j,  0.52026468-6.93889390e-17j]])], [array([[ 0.34087911+2.77555756e-17j, -0.44518903+1.62749090e-01j],
       [-0.44518903-1.62749090e-01j,  0.65912089+1.38777878e-16j]])], [array([[ 0.41810278+5.55111512e-17j, -0.48746972+7.52736402e-02j],
       [-0.48746972-7.52736402e-02j,  0.58189722-8.32667268e-17j]])], [array([[ 0.48949715+0.00000000e+00j, -0.46659219+1.79391803e-01j],
       [-0.46659219-1.79391803e-01j,  0.51050285+2.77555756e-17j]])]]"
10,0.1,50,0.12159249710540167,0.1941413505346499,0.12159249710540171,0.21361552350614918,"[[array([[ 0.4366498 -1.38777878e-16j, -0.40608491+2.84748653e-01j],
       [-0.40608491-2.84748653e-01j,  0.5633502 -1.11022302e-16j]])], [array([[ 0.36951767+5.55111512e-17j, -0.48116803-3.81009959e-02j],
       [-0.48116803+3.81009959e-02j,  0.63048233+6.24500451e-17j]])], [array([[ 0.30625738+2.77555756e-17j, -0.45023547+9.87512863e-02j],
       [-0.45023547-9.87512863e-02j,  0.69374262+6.93889390e-17j]])], [array([[ 0.20672839+9.71445147e-17j, -0.40346451+3.47584858e-02j],
       [-0.40346451-3.47584858e-02j,  0.79327161+2.77555756e-16j]])], [array([[ 0.78840356-1.24900090e-16j, -0.35827886+1.96111305e-01j],
       [-0.35827886-1.96111305e-01j,  0.21159644+0.00000000e+00j]])], [array([[ 0.2350971 -8.32667268e-17j, -0.41563554-8.41043945e-02j],
       [-0.41563554+8.41043945e-02j,  0.7649029 +1.11022302e-16j]])], [array([[ 0.44934173-2.77555756e-17j, -0.4286608 +2.52356216e-01j],
       [-0.4286608 -2.52356216e-01j,  0.55065827-1.38777878e-17j]])], [array([[ 0.38583094+5.55111512e-17j, -0.48547471-3.57732807e-02j],
       [-0.48547471+3.57732807e-02j,  0.61416906-6.93889390e-17j]])], [array([[ 0.21336124-8.32667268e-17j, -0.40599116+5.48579774e-02j],
       [-0.40599116-5.48579774e-02j,  0.78663876+1.73472348e-18j]])], [array([[ 0.25735649-1.11022302e-16j, -0.433585  -5.59300986e-02j],
       [-0.433585  +5.59300986e-02j,  0.74264351+1.64798730e-16j]])], [array([[ 0.25568434+0.00000000e+00j, -0.4339011 -4.51630106e-02j],
       [-0.4339011 +4.51630106e-02j,  0.74431566+2.77555756e-17j]])], [array([[ 0.29108396+5.55111512e-17j, -0.21574517-3.99760063e-01j],
       [-0.21574517+3.99760063e-01j,  0.70891604-5.55111512e-17j]])], [array([[ 0.4313861-8.32667268e-17j, -0.4245382+2.55067546e-01j],
       [-0.4245382-2.55067546e-01j,  0.5686139+6.93889390e-17j]])], [array([[ 0.29963087-4.16333634e-17j, -0.31206883+3.35358407e-01j],
       [-0.31206883-3.35358407e-01j,  0.70036913-1.52655666e-16j]])], [array([[ 0.61334963+1.38777878e-17j, -0.48639892+2.38317184e-02j],
       [-0.48639892-2.38317184e-02j,  0.38665037+0.00000000e+00j]])], [array([[ 0.89996188-2.77555756e-16j, -0.29781259-3.65808570e-02j],
       [-0.29781259+3.65808570e-02j,  0.10003812-5.55111512e-17j]])], [array([[ 0.14860673-6.93889390e-17j, -0.23701945+2.65225474e-01j],
       [-0.23701945-2.65225474e-01j,  0.85139327-1.24900090e-16j]])], [array([[ 0.27100812+2.77555756e-17j, -0.34007056+2.86207502e-01j],
       [-0.34007056-2.86207502e-01j,  0.72899188+4.16333634e-17j]])], [array([[ 0.55567662+2.08166817e-16j, -0.45830642-1.91977437e-01j],
       [-0.45830642+1.91977437e-01j,  0.44432338-5.55111512e-17j]])], [array([[ 0.61145436-8.32667268e-17j, -0.48481627-5.03101436e-02j],
       [-0.48481627+5.03101436e-02j,  0.38854564-5.55111512e-17j]])], [array([[ 0.441671 -2.35922393e-16j, -0.1551666-4.71721372e-01j],
       [-0.1551666+4.71721372e-01j,  0.558329 +1.11022302e-16j]])], [array([[ 0.63388714-5.55111512e-17j, -0.39263192+2.79131533e-01j],
       [-0.39263192-2.79131533e-01j,  0.36611286-2.77555756e-17j]])], [array([[ 0.56923746-1.24900090e-16j, -0.48536077+9.81381608e-02j],
       [-0.48536077-9.81381608e-02j,  0.43076254+0.00000000e+00j]])], [array([[ 0.64466913-5.55111512e-17j, -0.4496894 -1.63860580e-01j],
       [-0.4496894 +1.63860580e-01j,  0.35533087+8.32667268e-17j]])], [array([[ 0.19571993+9.02056208e-17j, -0.39179196+6.25516044e-02j],
       [-0.39179196-6.25516044e-02j,  0.80428007-1.11022302e-16j]])], [array([[ 0.41440959+6.93889390e-17j, -0.48382909-9.26481945e-02j],
       [-0.48382909+9.26481945e-02j,  0.58559041+8.32667268e-17j]])], [array([[ 0.61427369-8.32667268e-17j, -0.47402091+1.10660287e-01j],
       [-0.47402091-1.10660287e-01j,  0.38572631+0.00000000e+00j]])], [array([[ 0.1803488 +5.55111512e-17j, -0.32763189+2.01197548e-01j],
       [-0.32763189-2.01197548e-01j,  0.8196512 -1.24900090e-16j]])], [array([[ 0.5687986 +6.93889390e-17j, -0.40932003+2.78789998e-01j],
       [-0.40932003-2.78789998e-01j,  0.4312014 +1.52655666e-16j]])], [array([[ 0.21182725-3.46944695e-18j, -0.40790784+2.38255150e-02j],
       [-0.40790784-2.38255150e-02j,  0.78817275-6.93889390e-17j]])], [array([[ 0.23135372+0.00000000e+00j, -0.17870627+3.81959743e-01j],
       [-0.17870627-3.81959743e-01j,  0.76864628+1.38777878e-17j]])], [array([[ 0.22623736+2.22044605e-16j, -0.40784339-9.33690883e-02j],
       [-0.40784339+9.33690883e-02j,  0.77376264-8.32667268e-17j]])], [array([[ 0.70765909-1.94289029e-16j, -0.44899172+7.26921019e-02j],
       [-0.44899172-7.26921019e-02j,  0.29234091-5.55111512e-17j]])], [array([[ 0.61030964+5.55111512e-17j, -0.48009516+8.56762288e-02j],
       [-0.48009516-8.56762288e-02j,  0.38969036+2.08166817e-17j]])], [array([[ 0.48193343+8.32667268e-17j, -0.3008769 -3.98931938e-01j],
       [-0.3008769 +3.98931938e-01j,  0.51806657-1.11022302e-16j]])], [array([[ 0.07086691-2.77555756e-17j, -0.24685124+7.00661114e-02j],
       [-0.24685124-7.00661114e-02j,  0.92913309-2.77555756e-17j]])], [array([[ 0.73577352-1.09287579e-16j, -0.43869837+4.42106782e-02j],
       [-0.43869837-4.42106782e-02j,  0.26422648+0.00000000e+00j]])], [array([[ 0.47304697-8.32667268e-17j, -0.46516352+1.81373754e-01j],
       [-0.46516352-1.81373754e-01j,  0.52695303-5.55111512e-17j]])], [array([[ 0.1791628 -1.09287579e-16j, -0.15478266+3.50864390e-01j],
       [-0.15478266-3.50864390e-01j,  0.8208372 +3.19189120e-16j]])], [array([[ 0.48415967-1.52655666e-16j, -0.47621661-1.51548106e-01j],
       [-0.47621661+1.51548106e-01j,  0.51584033+2.77555756e-17j]])], [array([[ 0.07058121+1.73472348e-17j, -0.24949768-5.78827493e-02j],
       [-0.24949768+5.78827493e-02j,  0.92941879+1.66533454e-16j]])], [array([[ 0.21209383+5.55111512e-17j, -0.23922117+3.31486451e-01j],
       [-0.23922117-3.31486451e-01j,  0.78790617-1.04083409e-17j]])], [array([[ 0.28828323+0.00000000e+00j, -0.38740706+2.34716372e-01j],
       [-0.38740706-2.34716372e-01j,  0.71171677-2.77555756e-17j]])], [array([[ 0.12263428-2.77555756e-17j, -0.22444682+2.39204390e-01j],
       [-0.22444682-2.39204390e-01j,  0.87736572+4.16333634e-17j]])], [array([[ 0.28185378-7.97972799e-17j, -0.2280119 +3.87843783e-01j],
       [-0.2280119 -3.87843783e-01j,  0.71814622-5.55111512e-17j]])], [array([[ 0.25414575+1.38777878e-16j, -0.41900729-1.18273327e-01j],
       [-0.41900729+1.18273327e-01j,  0.74585425-2.77555756e-17j]])], [array([[ 0.34798866+2.94902991e-17j, -0.35969951-3.12264013e-01j],
       [-0.35969951+3.12264013e-01j,  0.65201134+5.20417043e-17j]])], [array([[ 0.5144703 +1.11022302e-16j, -0.49478027-7.05910426e-02j],
       [-0.49478027+7.05910426e-02j,  0.4855297 +1.24900090e-16j]])], [array([[ 0.60723756-8.32667268e-17j, -0.48380034+6.66133019e-02j],
       [-0.48380034-6.66133019e-02j,  0.39276244+3.05311332e-16j]])], [array([[ 0.10905887-3.46944695e-18j, -0.29967033-8.58063233e-02j],
       [-0.29967033+8.58063233e-02j,  0.89094113+5.55111512e-17j]])]]"
10,0.215443,50,0.3283775427554066,0.3287848386565401,0.32837754275540676,0.44109146433865554,"[[array([[ 0.75949117+1.38777878e-17j, -0.14615954+4.01623857e-01j],
       [-0.14615954-4.01623857e-01j,  0.24050883-1.00613962e-16j]])], [array([[ 0.87634553+5.55111512e-17j, -0.3260761 +4.51488665e-02j],
       [-0.3260761 -4.51488665e-02j,  0.12365447-1.52655666e-16j]])], [array([[0.85190059+1.52655666e-16j, 0.24802131-2.54266404e-01j],
       [0.24802131+2.54266404e-01j, 0.14809941-5.55111512e-17j]])], [array([[0.35294087+6.93889390e-17j, 0.31301194-3.61105438e-01j],
       [0.31301194+3.61105438e-01j, 0.64705913-1.11022302e-16j]])], [array([[0.06796949-5.37764278e-17j, 0.04802411-2.47069473e-01j],
       [0.04802411+2.47069473e-01j, 0.93203051-8.32667268e-17j]])], [array([[ 0.5448896 +7.63278329e-17j, -0.45158286-2.09899595e-01j],
       [-0.45158286+2.09899595e-01j,  0.4551104 +1.11022302e-16j]])], [array([[ 0.26907149+4.85722573e-17j, -0.24616598-3.68882548e-01j],
       [-0.24616598+3.68882548e-01j,  0.73092851+0.00000000e+00j]])], [array([[ 0.45141482-8.32667268e-17j, -0.34777892+3.55934411e-01j],
       [-0.34777892-3.55934411e-01j,  0.54858518+5.55111512e-17j]])], [array([[ 0.91050337-2.77555756e-17j, -0.24108729+1.52852536e-01j],
       [-0.24108729-1.52852536e-01j,  0.08949663+5.72458747e-17j]])], [array([[ 0.06846236-2.32452946e-16j, -0.24576422+5.80965874e-02j],
       [-0.24576422-5.80965874e-02j,  0.93153764+1.11022302e-16j]])], [array([[ 0.51381084-1.66533454e-16j, -0.32732375-3.77714736e-01j],
       [-0.32732375+3.77714736e-01j,  0.48618916+5.55111512e-17j]])], [array([[0.11559544-1.38777878e-17j, 0.06574743-3.12906394e-01j],
       [0.06574743+3.12906394e-01j, 0.88440456-5.55111512e-17j]])], [array([[ 0.0386186 +4.16333634e-17j, -0.16650543-9.69698155e-02j],
       [-0.16650543+9.69698155e-02j,  0.9613814 -5.55111512e-17j]])], [array([[0.30077364+0.00000000e+00j, 0.32697288-3.21554964e-01j],
       [0.32697288+3.21554964e-01j, 0.69922636-5.55111512e-17j]])], [array([[ 0.15453041+5.55111512e-17j, -0.35974769+3.51050420e-02j],
       [-0.35974769-3.51050420e-02j,  0.84546959+0.00000000e+00j]])], [array([[ 0.49591786-2.22044605e-16j, -0.24505101-4.35813421e-01j],
       [-0.24505101+4.35813421e-01j,  0.50408214-1.38777878e-17j]])], [array([[ 0.26237292-7.63278329e-17j, -0.43926848+2.40120511e-02j],
       [-0.43926848-2.40120511e-02j,  0.73762708+0.00000000e+00j]])], [array([[ 0.11675056+9.71445147e-17j, -0.31867072-3.96085656e-02j],
       [-0.31867072+3.96085656e-02j,  0.88324944-1.11022302e-16j]])], [array([[ 0.76107731-1.94289029e-16j, -0.39917772-1.49985945e-01j],
       [-0.39917772+1.49985945e-01j,  0.23892269-2.08166817e-17j]])], [array([[ 0.87286519-5.55111512e-17j, -0.10507784-3.16117382e-01j],
       [-0.10507784+3.16117382e-01j,  0.12713481-1.38777878e-17j]])], [array([[ 0.53055948-6.93889390e-18j, -0.49147736+8.66956004e-02j],
       [-0.49147736-8.66956004e-02j,  0.46944052-1.04083409e-16j]])], [array([[ 0.62351283-2.77555756e-17j, -0.470746  +1.14642000e-01j],
       [-0.470746  -1.14642000e-01j,  0.37648717-4.16333634e-17j]])], [array([[ 0.49289931-3.01841885e-16j, -0.04308539+4.98089580e-01j],
       [-0.04308539-4.98089580e-01j,  0.50710069+6.93889390e-17j]])], [array([[ 0.71407171+4.16333634e-17j, -0.11649918-4.36579024e-01j],
       [-0.11649918+4.36579024e-01j,  0.28592829+4.16333634e-17j]])], [array([[0.46605042-8.32667268e-17j, 0.43015363+2.52616860e-01j],
       [0.43015363-2.52616860e-01j, 0.53394958+0.00000000e+00j]])], [array([[ 0.39545367-1.38777878e-17j, -0.28959168+3.93962843e-01j],
       [-0.28959168-3.93962843e-01j,  0.60454633-1.38777878e-16j]])], [array([[0.38720155-2.77555756e-17j, 0.41729781+2.51274838e-01j],
       [0.41729781-2.51274838e-01j, 0.61279845+5.55111512e-17j]])], [array([[ 0.62586839+0.00000000e+00j, -0.21229198-4.34843951e-01j],
       [-0.21229198+4.34843951e-01j,  0.37413161-1.11022302e-16j]])], [array([[ 0.9633801 +0.00000000e+00j, -0.03873865-1.83788464e-01j],
       [-0.03873865+1.83788464e-01j,  0.0366199 +7.28583860e-17j]])], [array([[ 0.27581954+8.41340886e-17j, -0.44396897+5.13290481e-02j],
       [-0.44396897-5.13290481e-02j,  0.72418046+1.14491749e-16j]])], [array([[0.39110819+1.38777878e-17j, 0.23961889-4.25118052e-01j],
       [0.23961889+4.25118052e-01j, 0.60889181-5.55111512e-17j]])], [array([[ 0.26014959-1.38777878e-17j, -0.31602169+3.04305881e-01j],
       [-0.31602169-3.04305881e-01j,  0.73985041-1.38777878e-17j]])], [array([[0.55163624+0.00000000e+00j, 0.10274739+4.86597033e-01j],
       [0.10274739-4.86597033e-01j, 0.44836376+1.38777878e-16j]])], [array([[0.30404678+2.77555756e-17j, 0.02725742+4.59194260e-01j],
       [0.02725742-4.59194260e-01j, 0.69595322+0.00000000e+00j]])], [array([[ 0.31504906-4.51028104e-17j, -0.13833478+4.43459848e-01j],
       [-0.13833478-4.43459848e-01j,  0.68495094+2.08166817e-17j]])], [array([[ 0.15563512+1.66533454e-16j, -0.31951654+1.71236718e-01j],
       [-0.31951654-1.71236718e-01j,  0.84436488+5.55111512e-17j]])], [array([[ 0.20828101-5.55111512e-17j, -0.27892466+2.95128895e-01j],
       [-0.27892466-2.95128895e-01j,  0.79171899-1.11022302e-16j]])], [array([[ 0.27054833-2.91433544e-16j, -0.37417764-2.39464037e-01j],
       [-0.37417764+2.39464037e-01j,  0.72945167-5.55111512e-17j]])], [array([[ 0.76789389+0.00000000e+00j, -0.42101065-3.13512659e-02j],
       [-0.42101065+3.13512659e-02j,  0.23210611+2.77555756e-17j]])], [array([[ 0.13036858-6.93889390e-17j, -0.30062443+1.51649479e-01j],
       [-0.30062443-1.51649479e-01j,  0.86963142+5.55111512e-17j]])], [array([[ 0.7119594 +9.71445147e-17j, -0.38052139-2.45513113e-01j],
       [-0.38052139+2.45513113e-01j,  0.2880406 -5.20417043e-17j]])], [array([[ 0.11820652+1.38777878e-17j, -0.06476834+3.16289114e-01j],
       [-0.06476834-3.16289114e-01j,  0.88179348+5.55111512e-17j]])], [array([[ 0.76863896+8.32667268e-17j, -0.31303322+2.82565595e-01j],
       [-0.31303322-2.82565595e-01j,  0.23136104-9.71445147e-17j]])], [array([[ 0.07376107+8.32667268e-17j, -0.23878485-1.06311643e-01j],
       [-0.23878485+1.06311643e-01j,  0.92623893+2.77555756e-16j]])], [array([[ 0.20432799-5.55111512e-17j, -0.40008372+5.01106896e-02j],
       [-0.40008372-5.01106896e-02j,  0.79567201+1.66533454e-16j]])], [array([[ 0.50396617-8.32667268e-17j, -0.14575462+4.78267561e-01j],
       [-0.14575462-4.78267561e-01j,  0.49603383+2.77555756e-17j]])], [array([[ 0.42254034-1.11022302e-16j, -0.28551913+4.03086622e-01j],
       [-0.28551913-4.03086622e-01j,  0.57745966-2.77555756e-17j]])], [array([[0.04148461+3.12250226e-17j, 0.0242375 +1.97929746e-01j],
       [0.0242375 -1.97929746e-01j, 0.95851539-1.38777878e-16j]])], [array([[ 0.05347837-6.93889390e-17j, -0.12419204-1.87602699e-01j],
       [-0.12419204+1.87602699e-01j,  0.94652163+0.00000000e+00j]])], [array([[ 0.09372425+2.77555756e-17j, -0.25110873-1.47933850e-01j],
       [-0.25110873+1.47933850e-01j,  0.90627575+2.77555756e-16j]])]]"
10,0.464159,50,0.45490502886987977,0.34346175199052387,0.45490502886987977,0.49593288715754724,"[[array([[0.24165224+8.32667268e-17j, 0.38345006-1.90322065e-01j],
       [0.38345006+1.90322065e-01j, 0.75834776+8.32667268e-17j]])], [array([[0.30643362-1.38777878e-16j, 0.26662189+3.76091509e-01j],
       [0.26662189-3.76091509e-01j, 0.69356638-5.55111512e-17j]])], [array([[ 0.46610029+8.32667268e-17j, -0.48297031+1.24861885e-01j],
       [-0.48297031-1.24861885e-01j,  0.53389971-5.55111512e-17j]])], [array([[0.10835099+1.69135539e-17j, 0.0552676 -3.05870139e-01j],
       [0.0552676 +3.05870139e-01j, 0.89164901-2.77555756e-17j]])], [array([[ 0.26629598+2.77555756e-17j, -0.35214353+2.67165428e-01j],
       [-0.35214353-2.67165428e-01j,  0.73370402+0.00000000e+00j]])], [array([[ 0.9447756 -1.66533454e-16j, -0.12650344+1.90188181e-01j],
       [-0.12650344-1.90188181e-01j,  0.0552244 +1.38777878e-17j]])], [array([[ 0.20147358+2.77555756e-17j, -0.3745275 -1.43565771e-01j],
       [-0.3745275 +1.43565771e-01j,  0.79852642+0.00000000e+00j]])], [array([[ 0.22039344-1.24900090e-16j, -0.09426796+4.03650500e-01j],
       [-0.09426796-4.03650500e-01j,  0.77960656+1.38777878e-17j]])], [array([[ 0.2384523-1.17961196e-16j, -0.0237902+4.25472477e-01j],
       [-0.0237902-4.25472477e-01j,  0.7615477-1.87350135e-16j]])], [array([[0.93053612-1.80411242e-16j, 0.18470549+1.74706982e-01j],
       [0.18470549-1.74706982e-01j, 0.06946388+8.32667268e-17j]])], [array([[0.98733045+5.55111512e-17j, 0.06285656+9.25098967e-02j],
       [0.06285656-9.25098967e-02j, 0.01266955+4.85722573e-17j]])], [array([[ 0.32367995+0.00000000e+00j, -0.44262064+1.51651595e-01j],
       [-0.44262064-1.51651595e-01j,  0.67632005-5.55111512e-17j]])], [array([[ 0.72671323+4.16333634e-17j, -0.25034458+3.68685099e-01j],
       [-0.25034458-3.68685099e-01j,  0.27328677+1.04083409e-16j]])], [array([[0.09495725+4.51028104e-17j, 0.29243588-2.05334987e-02j],
       [0.29243588+2.05334987e-02j, 0.90504275+2.77555756e-17j]])], [array([[ 0.08517169+1.11022302e-16j, -0.16677492-2.23838326e-01j],
       [-0.16677492+2.23838326e-01j,  0.91482831+2.77555756e-16j]])], [array([[ 0.87809609-5.55111512e-17j, -0.22069004+2.41535199e-01j],
       [-0.22069004-2.41535199e-01j,  0.12190391+3.46944695e-17j]])], [array([[ 0.04472012-1.10588622e-16j, -0.15951868-1.31430690e-01j],
       [-0.15951868+1.31430690e-01j,  0.95527988+9.71445147e-17j]])], [array([[ 0.38541508-1.11022302e-16j, -0.46653474+1.38620451e-01j],
       [-0.46653474-1.38620451e-01j,  0.61458492-5.55111512e-17j]])], [array([[ 0.03291036-7.28583860e-17j, -0.167857  -6.04259462e-02j],
       [-0.167857  +6.04259462e-02j,  0.96708964+0.00000000e+00j]])], [array([[ 0.5224086-1.11022302e-16j, -0.4546406+2.06881081e-01j],
       [-0.4546406-2.06881081e-01j,  0.4775914-2.77555756e-17j]])], [array([[0.28875228-2.77555756e-17j, 0.32406112+3.16794559e-01j],
       [0.32406112-3.16794559e-01j, 0.71124772+0.00000000e+00j]])], [array([[ 0.09486169+5.63785130e-17j, -0.24652854+1.58387579e-01j],
       [-0.24652854-1.58387579e-01j,  0.90513831+2.77555756e-17j]])], [array([[0.23154649+6.93889390e-17j, 0.26847073-3.25355466e-01j],
       [0.26847073+3.25355466e-01j, 0.76845351-5.55111512e-17j]])], [array([[0.20279098-6.07153217e-18j, 0.14496022+3.75037777e-01j],
       [0.14496022-3.75037777e-01j, 0.79720902-6.93889390e-18j]])], [array([[ 0.45707138-2.77555756e-17j, -0.25901975+4.25518394e-01j],
       [-0.25901975-4.25518394e-01j,  0.54292862-2.77555756e-17j]])], [array([[ 0.9696546 +1.38777878e-16j, -0.09027427+1.45859911e-01j],
       [-0.09027427-1.45859911e-01j,  0.0303454 +1.38777878e-17j]])], [array([[ 0.46657641-1.11022302e-16j, -0.48961454-9.57103487e-02j],
       [-0.48961454+9.57103487e-02j,  0.53342359+2.77555756e-17j]])], [array([[ 0.84227187-5.55111512e-17j, -0.02155674+3.63847870e-01j],
       [-0.02155674-3.63847870e-01j,  0.15772813-4.16333634e-17j]])], [array([[0.47691298+1.38777878e-16j, 0.0823061 +4.92638504e-01j],
       [0.0823061 -4.92638504e-01j, 0.52308702+2.77555756e-17j]])], [array([[0.58508096+1.66533454e-16j, 0.47741668+1.21797143e-01j],
       [0.47741668-1.21797143e-01j, 0.41491904-2.22044605e-16j]])], [array([[ 0.55732095-8.67361738e-17j, -0.31279731-3.85839542e-01j],
       [-0.31279731+3.85839542e-01j,  0.44267905-1.14491749e-16j]])], [array([[0.79737781+1.11022302e-16j, 0.1742753 +3.62207888e-01j],
       [0.1742753 -3.62207888e-01j, 0.20262219+9.71445147e-17j]])], [array([[0.05851777-1.11022302e-16j, 0.03260965-2.32443647e-01j],
       [0.03260965+2.32443647e-01j, 0.94148223-1.66533454e-16j]])], [array([[0.76881099-1.11022302e-16j, 0.34293977+2.45220236e-01j],
       [0.34293977-2.45220236e-01j, 0.23118901+5.55111512e-17j]])], [array([[0.66714948+5.55111512e-17j, 0.23758284+4.06958775e-01j],
       [0.23758284-4.06958775e-01j, 0.33285052-2.77555756e-17j]])], [array([[ 0.2855962 +5.55111512e-17j, -0.08465144+4.43694876e-01j],
       [-0.08465144-4.43694876e-01j,  0.7144038 -5.55111512e-17j]])], [array([[0.90686339-4.51028104e-17j, 0.1830993 -2.25691882e-01j],
       [0.1830993 +2.25691882e-01j, 0.09313661-1.25333771e-16j]])], [array([[ 0.33634419+1.52655666e-16j, -0.47075476+4.00840338e-02j],
       [-0.47075476-4.00840338e-02j,  0.66365581+2.77555756e-17j]])], [array([[0.52806709+2.77555756e-17j, 0.17730796+4.66662752e-01j],
       [0.17730796-4.66662752e-01j, 0.47193291-5.55111512e-17j]])], [array([[0.65379986+5.55111512e-17j, 0.22780303+4.17673772e-01j],
       [0.22780303-4.17673772e-01j, 0.34620014-2.77555756e-17j]])], [array([[ 0.67369016+0.00000000e+00j, -0.02928916+4.67946444e-01j],
       [-0.02928916-4.67946444e-01j,  0.32630984+1.11022302e-16j]])], [array([[0.72632662+0.00000000e+00j, 0.22498796+3.84911263e-01j],
       [0.22498796-3.84911263e-01j, 0.27367338-5.55111512e-17j]])], [array([[ 0.66883933-1.11022302e-16j, -0.16793291-4.39649654e-01j],
       [-0.16793291+4.39649654e-01j,  0.33116067+1.11022302e-16j]])], [array([[0.04954362-1.65666092e-16j, 0.11104871+1.86432918e-01j],
       [0.11104871-1.86432918e-01j, 0.95045638-8.32667268e-17j]])], [array([[0.35049765-5.55111512e-17j, 0.45631104-1.39388962e-01j],
       [0.45631104+1.39388962e-01j, 0.64950235-2.77555756e-17j]])], [array([[ 0.61379192+2.77555756e-17j, -0.273476  +4.02817919e-01j],
       [-0.273476  -4.02817919e-01j,  0.38620808-5.55111512e-17j]])], [array([[0.10439026+8.32667268e-17j, 0.1322658 +2.75678604e-01j],
       [0.1322658 -2.75678604e-01j, 0.89560974-5.55111512e-17j]])], [array([[ 0.43724776-1.38777878e-16j, -0.49603912+2.71008593e-03j],
       [-0.49603912-2.71008593e-03j,  0.56275224-5.55111512e-17j]])], [array([[ 0.83733943-5.55111512e-17j, -0.36887453-1.15624055e-02j],
       [-0.36887453+1.15624055e-02j,  0.16266057+1.38777878e-17j]])], [array([[ 0.297617  +4.16333634e-17j, -0.00353905+4.57196454e-01j],
       [-0.00353905-4.57196454e-01j,  0.702383  -2.77555756e-16j]])]]"
10,1.0,50,0.49964599501855195,0.34777614426339293,0.4996459950185518,0.4999997493609462,"[[array([[0.06738384+2.08166817e-17j, 0.18430468-1.69926587e-01j],
       [0.18430468+1.69926587e-01j, 0.93261616-1.66533454e-16j]])], [array([[0.25189385+0.00000000e+00j, 0.18905664+3.90769657e-01j],
       [0.18905664-3.90769657e-01j, 0.74810615+1.11022302e-16j]])], [array([[0.75860694+5.55111512e-17j, 0.42720672+2.48368060e-02j],
       [0.42720672-2.48368060e-02j, 0.24139306+8.32667268e-17j]])], [array([[ 0.06228399-9.36750677e-17j, -0.00876423-2.41511653e-01j],
       [-0.00876423+2.41511653e-01j,  0.93771601+1.11022302e-16j]])], [array([[0.37143462-2.77555756e-17j, 0.35754007-3.25016984e-01j],
       [0.35754007+3.25016984e-01j, 0.62856538+5.55111512e-17j]])], [array([[ 0.03051767-4.51028104e-17j, -0.12052821-1.22716317e-01j],
       [-0.12052821+1.22716317e-01j,  0.96948233-1.11022302e-16j]])], [array([[0.25736493-9.02056208e-17j, 0.26467769-3.47956814e-01j],
       [0.26467769+3.47956814e-01j, 0.74263507-2.77555756e-17j]])], [array([[ 0.44808023-5.55111512e-17j, -0.12147027-4.82233669e-01j],
       [-0.12147027+4.82233669e-01j,  0.55191977+1.11022302e-16j]])], [array([[ 0.57982637-5.55111512e-17j, -0.48873927-6.90048975e-02j],
       [-0.48873927+6.90048975e-02j,  0.42017363-2.77555756e-17j]])], [array([[ 0.65837987+3.05311332e-16j, -0.47078982+5.72080817e-02j],
       [-0.47078982-5.72080817e-02j,  0.34162013-7.63278329e-17j]])], [array([[ 0.14203111-5.20417043e-17j, -0.11692027-3.28919328e-01j],
       [-0.11692027+3.28919328e-01j,  0.85796889-5.55111512e-17j]])], [array([[ 0.22405025+8.32667268e-17j, -0.08006957+4.09195061e-01j],
       [-0.08006957-4.09195061e-01j,  0.77594975+0.00000000e+00j]])], [array([[0.39926195+0.00000000e+00j, 0.3414245 +3.51114163e-01j],
       [0.3414245 -3.51114163e-01j, 0.60073805-8.32667268e-17j]])], [array([[ 0.45960447-1.11022302e-16j, -0.07201198+4.93135352e-01j],
       [-0.07201198-4.93135352e-01j,  0.54039553+1.11022302e-16j]])], [array([[0.73025903+5.55111512e-17j, 0.10297893+4.31713004e-01j],
       [0.10297893-4.31713004e-01j, 0.26974097-1.94289029e-16j]])], [array([[ 0.59045257-3.33066907e-16j, -0.35927487-3.35767630e-01j],
       [-0.35927487+3.35767630e-01j,  0.40954743+2.77555756e-17j]])], [array([[0.88176004-5.55111512e-17j, 0.32087603+3.60256365e-02j],
       [0.32087603-3.60256365e-02j, 0.11823996+1.87350135e-16j]])], [array([[0.14396245+5.55111512e-17j, 0.32173107-1.40450639e-01j],
       [0.32173107+1.40450639e-01j, 0.85603755+1.66533454e-16j]])], [array([[ 0.28849081+6.93889390e-17j, -0.44856835-6.36419843e-02j],
       [-0.44856835+6.36419843e-02j,  0.71150919-2.77555756e-17j]])], [array([[ 0.76458237-5.55111512e-17j, -0.41952599+6.31989992e-02j],
       [-0.41952599-6.31989992e-02j,  0.23541763+2.08166817e-17j]])], [array([[0.90823191+0.00000000e+00j, 0.14668161-2.48658834e-01j],
       [0.14668161+2.48658834e-01j, 0.09176809-6.24500451e-17j]])], [array([[0.30924509-1.38777878e-16j, 0.32978263-3.23814729e-01j],
       [0.32978263+3.23814729e-01j, 0.69075491-5.55111512e-17j]])], [array([[ 0.77294588+0.00000000e+00j, -0.41784235+3.01382766e-02j],
       [-0.41784235-3.01382766e-02j,  0.22705412-1.38777878e-17j]])], [array([[0.82193822-5.55111512e-17j, 0.36097613+1.26696549e-01j],
       [0.36097613-1.26696549e-01j, 0.17806178+2.77555756e-17j]])], [array([[0.55153296-2.77555756e-17j, 0.45895501-1.91584587e-01j],
       [0.45895501+1.91584587e-01j, 0.44846704-2.77555756e-17j]])], [array([[ 0.40394325+1.11022302e-16j, -0.09572994+4.81257601e-01j],
       [-0.09572994-4.81257601e-01j,  0.59605675+4.16333634e-17j]])], [array([[ 0.43746536+1.11022302e-16j, -0.1490352 -4.73157403e-01j],
       [-0.1490352 +4.73157403e-01j,  0.56253464-1.11022302e-16j]])], [array([[ 0.84087224-1.66533454e-16j, -0.15245704-3.32510105e-01j],
       [-0.15245704+3.32510105e-01j,  0.15912776-9.71445147e-17j]])], [array([[ 0.02384555+1.38777878e-17j, -0.09500365+1.19378595e-01j],
       [-0.09500365-1.19378595e-01j,  0.97615445+0.00000000e+00j]])], [array([[0.86207884-1.11022302e-16j, 0.24457734-2.43065510e-01j],
       [0.24457734+2.43065510e-01j, 0.13792116-1.38777878e-17j]])], [array([[ 0.75649417+8.32667268e-17j, -0.07250981+4.23028449e-01j],
       [-0.07250981-4.23028449e-01j,  0.24350583-2.77555756e-17j]])], [array([[0.49310783+1.66533454e-16j, 0.15516121-4.75265712e-01j],
       [0.15516121+4.75265712e-01j, 0.50689217-1.66533454e-16j]])], [array([[ 0.83712502+0.00000000e+00j, -0.23334701-2.86174588e-01j],
       [-0.23334701+2.86174588e-01j,  0.16287498+2.77555756e-17j]])], [array([[0.40681957+8.50014503e-17j, 0.48591559-7.21349139e-02j],
       [0.48591559+7.21349139e-02j, 0.59318043-1.11022302e-16j]])], [array([[0.0165147 -2.60208521e-18j, 0.12670363+1.37168039e-02j],
       [0.12670363-1.37168039e-02j, 0.9834853 +5.55111512e-17j]])], [array([[ 0.62047599-5.55111512e-17j, -0.16781312+4.55328774e-01j],
       [-0.16781312-4.55328774e-01j,  0.37952401+2.77555756e-17j]])], [array([[0.49849341+2.77555756e-17j, 0.1175334 -4.85987273e-01j],
       [0.1175334 +4.85987273e-01j, 0.50150659-2.77555756e-17j]])], [array([[ 0.29889727-1.11022302e-16j, -0.42719523-1.64505101e-01j],
       [-0.42719523+1.64505101e-01j,  0.70110273-5.55111512e-17j]])], [array([[0.9021248 -1.11022302e-16j, 0.20932575-2.10898976e-01j],
       [0.20932575+2.10898976e-01j, 0.0978752 -2.49800181e-16j]])], [array([[ 0.03228535-2.81025203e-16j, -0.15735509-8.05132474e-02j],
       [-0.15735509+8.05132474e-02j,  0.96771465-1.11022302e-16j]])], [array([[0.97352633-1.11022302e-16j, 0.0980165 -1.27143942e-01j],
       [0.0980165 +1.27143942e-01j, 0.02647367+1.38777878e-17j]])], [array([[ 0.74398946-1.11022302e-16j, -0.43408724-4.51377433e-02j],
       [-0.43408724+4.51377433e-02j,  0.25601054-1.38777878e-17j]])], [array([[0.63910726-1.66533454e-16j, 0.17310547+4.47977306e-01j],
       [0.17310547-4.47977306e-01j, 0.36089274-2.77555756e-17j]])], [array([[ 0.4070075 +2.77555756e-17j, -0.07750971+4.85123324e-01j],
       [-0.07750971-4.85123324e-01j,  0.5929925 +0.00000000e+00j]])], [array([[ 0.70907758-1.11022302e-16j, -0.43661742+1.25107144e-01j],
       [-0.43661742-1.25107144e-01j,  0.29092242+5.55111512e-17j]])], [array([[0.94046323+2.77555756e-17j, 0.0190312 +2.35860029e-01j],
       [0.0190312 -2.35860029e-01j, 0.05953677+7.80625564e-17j]])], [array([[ 0.07262242-4.16333634e-17j, -0.24461891+8.66602148e-02j],
       [-0.24461891-8.66602148e-02j,  0.92737758+1.66533454e-16j]])], [array([[0.21729634-4.16333634e-17j, 0.07093877-4.06258944e-01j],
       [0.07093877+4.06258944e-01j, 0.78270366+0.00000000e+00j]])], [array([[0.13412734+2.49800181e-16j, 0.3349461 +6.28355297e-02j],
       [0.3349461 -6.28355297e-02j, 0.86587266-1.94289029e-16j]])], [array([[0.22341969+8.32667268e-17j, 0.00863763+4.16447742e-01j],
       [0.00863763-4.16447742e-01j, 0.77658031-5.55111512e-17j]])]]"
10,2.154435,50,0.4876063096338259,0.36325877655180394,0.48760630963382584,0.49969279287821483,"[[array([[0.76856899+1.66533454e-16j, 0.1945259 +3.74206325e-01j],
       [0.1945259 -3.74206325e-01j, 0.23143101-6.93889390e-17j]])], [array([[0.43997836+1.94289029e-16j, 0.23466223+4.37414036e-01j],
       [0.23466223-4.37414036e-01j, 0.56002164+1.66533454e-16j]])], [array([[ 0.09648128-2.08166817e-17j, -0.15483407+2.51394213e-01j],
       [-0.15483407-2.51394213e-01j,  0.90351872+0.00000000e+00j]])], [array([[0.76512112+0.00000000e+00j, 0.33683005+2.57403010e-01j],
       [0.33683005-2.57403010e-01j, 0.23487888-5.55111512e-17j]])], [array([[ 0.1830844 +1.80411242e-16j, -0.17428833+3.45236262e-01j],
       [-0.17428833-3.45236262e-01j,  0.8169156 +1.66533454e-16j]])], [array([[ 0.47352684-1.07552856e-16j, -0.23313472-4.41528452e-01j],
       [-0.23313472+4.41528452e-01j,  0.52647316+5.55111512e-17j]])], [array([[ 0.92735546+9.71445147e-17j, -0.25673848-3.81137891e-02j],
       [-0.25673848+3.81137891e-02j,  0.07264454+1.38777878e-17j]])], [array([[ 0.43400419-2.77555756e-17j, -0.26351596+4.19766471e-01j],
       [-0.26351596-4.19766471e-01j,  0.56599581+0.00000000e+00j]])], [array([[ 0.47919311-8.32667268e-17j, -0.48905934-1.01921730e-01j],
       [-0.48905934+1.01921730e-01j,  0.52080689+0.00000000e+00j]])], [array([[0.03734585-1.10154941e-16j, 0.12893247-1.39023584e-01j],
       [0.12893247+1.39023584e-01j, 0.96265415-1.38777878e-17j]])], [array([[ 0.1520972 +6.24500451e-17j, -0.33886608-1.18884045e-01j],
       [-0.33886608+1.18884045e-01j,  0.8479028 +5.55111512e-17j]])], [array([[ 0.92155968+0.00000000e+00j, -0.12228049+2.39447109e-01j],
       [-0.12228049-2.39447109e-01j,  0.07844032+2.08166817e-17j]])], [array([[ 0.73651167+6.93889390e-18j, -0.0843923 +4.32365784e-01j],
       [-0.0843923 -4.32365784e-01j,  0.26348833-3.46944695e-18j]])], [array([[ 0.66902914+0.00000000e+00j, -0.45050666-1.35915057e-01j],
       [-0.45050666+1.35915057e-01j,  0.33097086-1.38777878e-16j]])], [array([[0.11623058+6.93889390e-18j, 0.31455158-6.14681741e-02j],
       [0.31455158+6.14681741e-02j, 0.88376942+5.55111512e-17j]])], [array([[0.86349063+1.11022302e-16j, 0.32061746+1.22796590e-01j],
       [0.32061746-1.22796590e-01j, 0.13650937-2.08166817e-17j]])], [array([[ 0.14706841+5.55111512e-17j, -0.32061846-1.50476236e-01j],
       [-0.32061846+1.50476236e-01j,  0.85293159-5.55111512e-17j]])], [array([[0.77011091+0.00000000e+00j, 0.30697264+2.87763607e-01j],
       [0.30697264-2.87763607e-01j, 0.22988909-1.38777878e-17j]])], [array([[0.60314562+7.63278329e-17j, 0.39255719-2.91992866e-01j],
       [0.39255719+2.91992866e-01j, 0.39685438-7.63278329e-17j]])], [array([[ 0.03820843+1.73472348e-17j, -0.16748234-9.32642267e-02j],
       [-0.16748234+9.32642267e-02j,  0.96179157+0.00000000e+00j]])], [array([[ 0.25221109-1.38777878e-17j, -0.08417632-4.26045779e-01j],
       [-0.08417632+4.26045779e-01j,  0.74778891+0.00000000e+00j]])], [array([[0.47488836+1.66533454e-16j, 0.12980653+4.82202936e-01j],
       [0.12980653-4.82202936e-01j, 0.52511164-1.38777878e-16j]])], [array([[0.84214039+0.00000000e+00j, 0.35350332-8.93048460e-02j],
       [0.35350332+8.93048460e-02j, 0.15785961-5.55111512e-17j]])], [array([[ 0.53345419+5.55111512e-17j, -0.37745058-3.26208329e-01j],
       [-0.37745058+3.26208329e-01j,  0.46654581-2.77555756e-17j]])], [array([[ 0.93654046+0.00000000e+00j, -0.10449043-2.20259344e-01j],
       [-0.10449043+2.20259344e-01j,  0.06345954-4.85722573e-17j]])], [array([[ 0.15051043+0.j        , -0.32188128-0.15572246j],
       [-0.32188128+0.15572246j,  0.84948957+0.j        ]])], [array([[0.85135139+0.00000000e+00j, 0.34378887+9.14407823e-02j],
       [0.34378887-9.14407823e-02j, 0.14864861+8.32667268e-17j]])], [array([[0.66929383+5.55111512e-17j, 0.29836927+3.63751804e-01j],
       [0.29836927-3.63751804e-01j, 0.33070617-1.11022302e-16j]])], [array([[0.78761582+0.00000000e+00j, 0.40316428-6.88164768e-02j],
       [0.40316428+6.88164768e-02j, 0.21238418+9.71445147e-17j]])], [array([[0.87893195-8.32667268e-17j, 0.0760956 -3.17206614e-01j],
       [0.0760956 +3.17206614e-01j, 0.12106805-4.16333634e-17j]])], [array([[ 0.97536134-1.66533454e-16j, -0.13296199+7.97038271e-02j],
       [-0.13296199-7.97038271e-02j,  0.02463866-4.85722573e-17j]])], [array([[0.04347582+5.89805982e-17j, 0.06558452-1.93091533e-01j],
       [0.06558452+1.93091533e-01j, 0.95652418-2.77555756e-16j]])], [array([[ 0.22026035-1.38777878e-16j, -0.37664404-1.72872769e-01j],
       [-0.37664404+1.72872769e-01j,  0.77973965+5.55111512e-17j]])], [array([[0.86763766+5.55111512e-17j, 0.33791476+2.56157917e-02j],
       [0.33791476-2.56157917e-02j, 0.13236234+4.16333634e-17j]])], [array([[0.6451192 +0.00000000e+00j, 0.16174098+4.50311308e-01j],
       [0.16174098-4.50311308e-01j, 0.3548808 -2.77555756e-17j]])], [array([[0.63476745-5.55111512e-17j, 0.0378842 +4.80002627e-01j],
       [0.0378842 -4.80002627e-01j, 0.36523255+1.52655666e-16j]])], [array([[ 0.76091845-1.11022302e-16j, -0.22708783+3.61043870e-01j],
       [-0.22708783-3.61043870e-01j,  0.23908155-8.32667268e-17j]])], [array([[0.11986032+6.93889390e-17j, 0.00335227+3.24780831e-01j],
       [0.00335227-3.24780831e-01j, 0.88013968-5.55111512e-17j]])], [array([[ 0.33749948-1.11022302e-16j, -0.10889001-4.60148397e-01j],
       [-0.10889001+4.60148397e-01j,  0.66250052+5.55111512e-17j]])], [array([[ 0.65514174+1.66533454e-16j, -0.47418566+3.28480609e-02j],
       [-0.47418566-3.28480609e-02j,  0.34485826-5.55111512e-17j]])], [array([[0.30033936+2.77555756e-17j, 0.1232285 +4.41531838e-01j],
       [0.1232285 -4.41531838e-01j, 0.69966064+2.22044605e-16j]])], [array([[0.05707514+1.38777878e-17j, 0.03646761-2.29101906e-01j],
       [0.03646761+2.29101906e-01j, 0.94292486+0.00000000e+00j]])], [array([[0.75126957-5.55111512e-17j, 0.31668222-2.94237949e-01j],
       [0.31668222+2.94237949e-01j, 0.24873043+2.77555756e-17j]])], [array([[0.26748655+1.38777878e-17j, 0.24324755-3.69821742e-01j],
       [0.24324755+3.69821742e-01j, 0.73251345-5.55111512e-17j]])], [array([[ 0.3153341 +6.93889390e-17j, -0.20742445-4.15780715e-01j],
       [-0.20742445+4.15780715e-01j,  0.6846659 -1.11022302e-16j]])], [array([[ 0.40758197+0.00000000e+00j, -0.2635431 -4.14733583e-01j],
       [-0.2635431 +4.14733583e-01j,  0.59241803-1.11022302e-16j]])], [array([[ 2.96965581e-01-6.93889390e-17j, -5.04355629e-05+4.56921243e-01j],
       [-5.04355629e-05-4.56921243e-01j,  7.03034419e-01-9.71445147e-17j]])], [array([[ 0.68247056-5.55111512e-17j, -0.30618837+3.50646801e-01j],
       [-0.30618837-3.50646801e-01j,  0.31752944+5.55111512e-17j]])], [array([[0.03365167-6.24500451e-17j, 0.13452628-1.20091264e-01j],
       [0.13452628+1.20091264e-01j, 0.96634833-5.55111512e-17j]])], [array([[0.91030009-2.22044605e-16j, 0.12600091-2.56471461e-01j],
       [0.12600091+2.56471461e-01j, 0.08969991-6.24500451e-17j]])]]"
10,4.641589,50,0.5669092926656544,0.3697061100946331,0.5669092926656544,0.4910462931099636,"[[array([[ 0.87456215+5.55111512e-17j, -0.03361919-3.29504087e-01j],
       [-0.03361919+3.29504087e-01j,  0.12543785+6.24500451e-17j]])], [array([[0.53797604+1.11022302e-16j, 0.49396522+6.74994770e-02j],
       [0.49396522-6.74994770e-02j, 0.46202396-2.22044605e-16j]])], [array([[0.02290713+1.02348685e-16j, 0.0744911 +1.29743867e-01j],
       [0.0744911 -1.29743867e-01j, 0.97709287-5.55111512e-17j]])], [array([[0.59347232-5.55111512e-17j, 0.0618002 -4.87281910e-01j],
       [0.0618002 +4.87281910e-01j, 0.40652768+0.00000000e+00j]])], [array([[0.99475427+0.00000000e+00j, 0.06172166+3.75320040e-02j],
       [0.06172166-3.75320040e-02j, 0.00524573+3.77302356e-17j]])], [array([[0.20904228+1.45716772e-16j, 0.37219482+1.63751708e-01j],
       [0.37219482-1.63751708e-01j, 0.79095772-1.66533454e-16j]])], [array([[0.63052762+1.66533454e-16j, 0.40871339+2.56740924e-01j],
       [0.40871339-2.56740924e-01j, 0.36947238+1.11022302e-16j]])], [array([[ 0.61811934-2.77555756e-17j, -0.31534337+3.69603004e-01j],
       [-0.31534337-3.69603004e-01j,  0.38188066-1.38777878e-17j]])], [array([[0.07417166+9.71445147e-17j, 0.17986494-1.90574986e-01j],
       [0.17986494+1.90574986e-01j, 0.92582834-9.54097912e-17j]])], [array([[ 0.25237029-5.55111512e-17j, -0.24256916-3.60332803e-01j],
       [-0.24256916+3.60332803e-01j,  0.74762971-1.66533454e-16j]])], [array([[0.08364634+4.85722573e-17j, 0.19973008+1.91722513e-01j],
       [0.19973008-1.91722513e-01j, 0.91635366+1.66533454e-16j]])], [array([[ 0.31986942+2.77555756e-17j, -0.11780388-4.51303913e-01j],
       [-0.11780388+4.51303913e-01j,  0.68013058+0.00000000e+00j]])], [array([[0.59682254+5.55111512e-17j, 0.23061753-4.32944510e-01j],
       [0.23061753+4.32944510e-01j, 0.40317746+1.11022302e-16j]])], [array([[0.90775778+0.00000000e+00j, 0.19422443-2.14500491e-01j],
       [0.19422443+2.14500491e-01j, 0.09224222-4.85722573e-17j]])], [array([[ 0.35431439+0.00000000e+00j, -0.47655179-4.09156496e-02j],
       [-0.47655179+4.09156496e-02j,  0.64568561-2.22044605e-16j]])], [array([[0.6176038 -5.55111512e-17j, 0.35544626+3.31402028e-01j],
       [0.35544626-3.31402028e-01j, 0.3823962 -5.55111512e-17j]])], [array([[0.79331756+2.77555756e-17j, 0.35589318+1.93144648e-01j],
       [0.35589318-1.93144648e-01j, 0.20668244+1.38777878e-16j]])], [array([[0.90106048+0.00000000e+00j, 0.1622769 +2.50632596e-01j],
       [0.1622769 -2.50632596e-01j, 0.09893952-8.32667268e-17j]])], [array([[0.03998878+6.24500451e-17j, 0.19255003+3.62514029e-02j],
       [0.19255003-3.62514029e-02j, 0.96001122+0.00000000e+00j]])], [array([[0.29388026+8.32667268e-17j, 0.38456171+2.44186284e-01j],
       [0.38456171-2.44186284e-01j, 0.70611974+0.00000000e+00j]])], [array([[0.93094495+1.38777878e-17j, 0.1391905 +2.11925597e-01j],
       [0.1391905 -2.11925597e-01j, 0.06905505+1.11889664e-16j]])], [array([[0.36286464-8.32667268e-17j, 0.22724581-4.23737225e-01j],
       [0.22724581+4.23737225e-01j, 0.63713536+0.00000000e+00j]])], [array([[0.22423328+9.02056208e-17j, 0.26267068-3.23970418e-01j],
       [0.26267068+3.23970418e-01j, 0.77576672-1.94289029e-16j]])], [array([[0.25113784-4.16333634e-17j, 0.38509767+1.99417678e-01j],
       [0.38509767-1.99417678e-01j, 0.74886216+2.22044605e-16j]])], [array([[ 0.34058733+0.j        , -0.42511629+0.20943672j],
       [-0.42511629-0.20943672j,  0.65941267+0.j        ]])], [array([[ 0.84091689-1.66533454e-16j, -0.32431741+1.69097286e-01j],
       [-0.32431741-1.69097286e-01j,  0.15908311-9.71445147e-17j]])], [array([[0.58910347-1.11022302e-16j, 0.03852401+4.90485956e-01j],
       [0.03852401-4.90485956e-01j, 0.41089653+1.66533454e-16j]])], [array([[ 0.88588626-1.11022302e-16j, -0.07097874-3.09925493e-01j],
       [-0.07097874+3.09925493e-01j,  0.11411374-9.02056208e-17j]])], [array([[0.69540288-2.77555756e-16j, 0.10646165+4.47753987e-01j],
       [0.10646165-4.47753987e-01j, 0.30459712+2.77555756e-17j]])], [array([[ 0.84994699-5.55111512e-17j, -0.30448283-1.86620760e-01j],
       [-0.30448283+1.86620760e-01j,  0.15005301+5.55111512e-17j]])], [array([[0.92748491+2.22044605e-16j, 0.17740685-1.89165171e-01j],
       [0.17740685+1.89165171e-01j, 0.07251509+2.77555756e-17j]])], [array([[0.13109651-1.11022302e-16j, 0.14154687+3.06389780e-01j],
       [0.14154687-3.06389780e-01j, 0.86890349-5.55111512e-17j]])], [array([[0.4897277 +0.j        , 0.38501257-0.31884134j],
       [0.38501257+0.31884134j, 0.5102723 +0.j        ]])], [array([[ 0.04383304-6.93889390e-17j, -0.07939069-1.88703007e-01j],
       [-0.07939069+1.88703007e-01j,  0.95616696+5.55111512e-17j]])], [array([[ 0.99059776+0.00000000e+00j, -0.06572672+7.06670727e-02j],
       [-0.06572672-7.06670727e-02j,  0.00940224-1.30104261e-17j]])], [array([[0.6096032 +5.55111512e-17j, 0.30403652+3.81508756e-01j],
       [0.30403652-3.81508756e-01j, 0.3903968 -8.32667268e-17j]])], [array([[0.33935994-4.16333634e-17j, 0.2688894 +3.89734862e-01j],
       [0.2688894 -3.89734862e-01j, 0.66064006+1.38777878e-17j]])], [array([[ 0.67931763+8.32667268e-17j, -0.4187045 +2.06232227e-01j],
       [-0.4187045 -2.06232227e-01j,  0.32068237+5.20417043e-17j]])], [array([[0.31446526+0.00000000e+00j, 0.24028476+3.97290946e-01j],
       [0.24028476-3.97290946e-01j, 0.68553474+5.55111512e-17j]])], [array([[ 0.10617129-1.31838984e-16j, -0.17023574+2.56746445e-01j],
       [-0.17023574-2.56746445e-01j,  0.89382871+2.22044605e-16j]])], [array([[0.70627272+5.55111512e-17j, 0.12917048+4.36768306e-01j],
       [0.12917048-4.36768306e-01j, 0.29372728+0.00000000e+00j]])], [array([[0.11813997-6.93889390e-17j, 0.12155036+2.99012424e-01j],
       [0.12155036-2.99012424e-01j, 0.88186003-5.55111512e-17j]])], [array([[ 0.12073397-4.16333634e-17j, -0.28991759+1.48677729e-01j],
       [-0.28991759-1.48677729e-01j,  0.87926603-5.55111512e-17j]])], [array([[0.00135035+1.73472348e-17j, 0.03662026+2.73520059e-03j],
       [0.03662026-2.73520059e-03j, 0.99864965-5.55111512e-17j]])], [array([[0.8293718 +0.00000000e+00j, 0.33219958-1.76515313e-01j],
       [0.33219958+1.76515313e-01j, 0.1706282 -1.66533454e-16j]])], [array([[ 0.89612195+0.00000000e+00j, -0.01742138+3.04604496e-01j],
       [-0.01742138-3.04604496e-01j,  0.10387805+1.73472348e-17j]])], [array([[ 0.2196767 +1.38777878e-17j, -0.06481241-4.08923221e-01j],
       [-0.06481241+4.08923221e-01j,  0.7803233 +1.66533454e-16j]])], [array([[0.22634549-4.16333634e-17j, 0.15808083+3.87457947e-01j],
       [0.15808083-3.87457947e-01j, 0.77365451-5.55111512e-17j]])], [array([[ 0.94575965+5.55111512e-17j, -0.21700921-6.48485426e-02j],
       [-0.21700921+6.48485426e-02j,  0.05424035-3.81639165e-17j]])], [array([[ 0.05341018-6.93889390e-18j, -0.20257472+9.75756977e-02j],
       [-0.20257472-9.75756977e-02j,  0.94658982+1.66533454e-16j]])]]"
10,10.0,50,0.5076695419936832,0.3809248585788194,0.5076695419936833,0.49988235625121424,"[[array([[0.12785723-4.16333634e-17j, 0.23187029+2.40303823e-01j],
       [0.23187029-2.40303823e-01j, 0.87214277-2.22044605e-16j]])], [array([[0.16651795-2.77555756e-17j, 0.23398435+2.89898336e-01j],
       [0.23398435-2.89898336e-01j, 0.83348205+5.55111512e-17j]])], [array([[0.05804603+6.24500451e-17j, 0.23188599+3.00928617e-02j],
       [0.23188599-3.00928617e-02j, 0.94195397-1.11022302e-16j]])], [array([[ 0.75871722-1.66533454e-16j, -0.38853704-1.79176916e-01j],
       [-0.38853704+1.79176916e-01j,  0.24128278-2.77555756e-17j]])], [array([[ 0.68142358+0.00000000e+00j, -0.29002512-3.64651769e-01j],
       [-0.29002512+3.64651769e-01j,  0.31857642+8.32667268e-17j]])], [array([[ 0.98718602+5.55111512e-17j, -0.1007396 -5.00131296e-02j],
       [-0.1007396 +5.00131296e-02j,  0.01281398+5.55111512e-17j]])], [array([[ 0.28615393-5.55111512e-17j, -0.43107188-1.35819340e-01j],
       [-0.43107188+1.35819340e-01j,  0.71384607-1.66533454e-16j]])], [array([[0.97693879-1.38777878e-16j, 0.14180174-4.92103450e-02j],
       [0.14180174+4.92103450e-02j, 0.02306121+0.00000000e+00j]])], [array([[ 0.2875645 +2.77555756e-17j, -0.33537084-3.03969672e-01j],
       [-0.33537084+3.03969672e-01j,  0.7124355 +0.00000000e+00j]])], [array([[0.65713819+5.55111512e-17j, 0.0183511 -4.74310897e-01j],
       [0.0183511 +4.74310897e-01j, 0.34286181-8.32667268e-17j]])], [array([[ 0.77921449+1.11022302e-16j, -0.07968334-4.07050160e-01j],
       [-0.07968334+4.07050160e-01j,  0.22078551-5.55111512e-17j]])], [array([[ 0.47228808+2.77555756e-17j, -0.49857077-2.56756664e-02j],
       [-0.49857077+2.56756664e-02j,  0.52771192-8.32667268e-17j]])], [array([[0.3091269+1.11022302e-16j, 0.4001514+2.31184592e-01j],
       [0.4001514-2.31184592e-01j, 0.6908731-5.55111512e-17j]])], [array([[ 0.3389569 -1.66533454e-16j, -0.01832351+4.73000389e-01j],
       [-0.01832351-4.73000389e-01j,  0.6610431 +1.94289029e-16j]])], [array([[ 0.92229013-8.32667268e-17j, -0.20252165-1.75088620e-01j],
       [-0.20252165+1.75088620e-01j,  0.07770987-5.55111512e-17j]])], [array([[ 0.26837854-1.11022302e-16j, -0.34696753-2.75617552e-01j],
       [-0.34696753+2.75617552e-01j,  0.73162146-1.94289029e-16j]])], [array([[0.70507493+1.38777878e-17j, 0.32279191+3.22101928e-01j],
       [0.32279191-3.22101928e-01j, 0.29492507-3.46944695e-17j]])], [array([[0.9372623 +1.66533454e-16j, 0.22286455-9.55671235e-02j],
       [0.22286455+9.55671235e-02j, 0.0627377 -5.89805982e-17j]])], [array([[0.05198179-1.38777878e-17j, 0.00965687-2.21780138e-01j],
       [0.00965687+2.21780138e-01j, 0.94801821+5.55111512e-17j]])], [array([[ 0.49561644-1.38777878e-16j, -0.37071837+3.35482747e-01j],
       [-0.37071837-3.35482747e-01j,  0.50438356+1.11022302e-16j]])], [array([[0.40033021+5.55111512e-17j, 0.18376058+4.54200376e-01j],
       [0.18376058-4.54200376e-01j, 0.59966979+1.11022302e-16j]])], [array([[ 0.08794185-4.16333634e-17j, -0.27145523+8.07473894e-02j],
       [-0.27145523-8.07473894e-02j,  0.91205815-2.22044605e-16j]])], [array([[0.53556472-2.77555756e-17j, 0.0693158 +4.93893178e-01j],
       [0.0693158 -4.93893178e-01j, 0.46443528+2.77555756e-17j]])], [array([[0.79403714+1.66533454e-16j, 0.25314398+3.15373246e-01j],
       [0.25314398-3.15373246e-01j, 0.20596286+2.77555756e-17j]])], [array([[0.05010929+4.85722573e-17j, 0.1313826 +1.74175081e-01j],
       [0.1313826 -1.74175081e-01j, 0.94989071+0.00000000e+00j]])], [array([[0.52806363-1.66533454e-16j, 0.326637  -3.77519138e-01j],
       [0.326637  +3.77519138e-01j, 0.47193637-8.32667268e-17j]])], [array([[0.55238238-1.11022302e-16j, 0.29312962+4.01660447e-01j],
       [0.29312962-4.01660447e-01j, 0.44761762+2.77555756e-17j]])], [array([[0.84624277-8.32667268e-17j, 0.2799678 +2.27451042e-01j],
       [0.2799678 -2.27451042e-01j, 0.15375723+1.52655666e-16j]])], [array([[0.97925825-2.77555756e-16j, 0.14251722-6.11276571e-04j],
       [0.14251722+6.11276571e-04j, 0.02074175-1.90819582e-17j]])], [array([[ 0.34864394+1.94289029e-16j, -0.37195141-2.97898460e-01j],
       [-0.37195141+2.97898460e-01j,  0.65135606-5.55111512e-17j]])], [array([[0.43632059-3.05311332e-16j, 0.01394893+4.95732145e-01j],
       [0.01394893-4.95732145e-01j, 0.56367941+1.66533454e-16j]])], [array([[0.66537605+0.00000000e+00j, 0.25888297-3.94500151e-01j],
       [0.25888297+3.94500151e-01j, 0.33462395+8.32667268e-17j]])], [array([[ 0.9854823+0.00000000e+00j, -0.0726642+9.50097398e-02j],
       [-0.0726642-9.50097398e-02j,  0.0145177+8.32667268e-17j]])], [array([[ 0.16516936-9.71445147e-17j, -0.25653206-2.68476714e-01j],
       [-0.25653206+2.68476714e-01j,  0.83483064-2.22044605e-16j]])], [array([[ 0.1006454 -6.93889390e-17j, -0.02078905-3.00139496e-01j],
       [-0.02078905+3.00139496e-01j,  0.8993546 +0.00000000e+00j]])], [array([[ 0.41505472-8.32667268e-17j, -0.19968169-4.50457017e-01j],
       [-0.19968169+4.50457017e-01j,  0.58494528+5.55111512e-17j]])], [array([[ 0.02229379-4.33680869e-17j, -0.02516258+1.45477212e-01j],
       [-0.02516258-1.45477212e-01j,  0.97770621+5.55111512e-17j]])], [array([[ 0.50894533+5.63785130e-17j, -0.18024572-4.66295466e-01j],
       [-0.18024572+4.66295466e-01j,  0.49105467+0.00000000e+00j]])], [array([[ 0.63769424+5.55111512e-17j, -0.2168371 +4.28977815e-01j],
       [-0.2168371 -4.28977815e-01j,  0.36230576-8.32667268e-17j]])], [array([[0.84149235+5.55111512e-17j, 0.14977245-3.33093366e-01j],
       [0.14977245+3.33093366e-01j, 0.15850765-6.93889390e-17j]])], [array([[0.8476823 -1.11022302e-16j, 0.16961735-3.16775907e-01j],
       [0.16961735+3.16775907e-01j, 0.1523177 -5.55111512e-17j]])], [array([[ 0.270152 -8.32667268e-17j, -0.0295561+4.43053419e-01j],
       [-0.0295561-4.43053419e-01j,  0.729848 +1.66533454e-16j]])], [array([[ 0.65643043+1.11022302e-16j, -0.11778008-4.60062356e-01j],
       [-0.11778008+4.60062356e-01j,  0.34356957+0.00000000e+00j]])], [array([[0.99389579-5.55111512e-17j, 0.06619033+4.10584106e-02j],
       [0.06619033-4.10584106e-02j, 0.00610421-8.32667268e-17j]])], [array([[0.20523807-5.55111512e-17j, 0.34598003+2.08358407e-01j],
       [0.34598003-2.08358407e-01j, 0.79476193+1.66533454e-16j]])], [array([[0.14375022+2.79724161e-17j, 0.03132092-3.49435393e-01j],
       [0.03132092+3.49435393e-01j, 0.85624978-6.41847686e-17j]])], [array([[0.4858867 -1.38777878e-16j, 0.36219623+3.44404857e-01j],
       [0.36219623-3.44404857e-01j, 0.5141133 -1.38777878e-16j]])], [array([[ 0.88217579+1.38777878e-16j, -0.16083091+2.79419188e-01j],
       [-0.16083091-2.79419188e-01j,  0.11782421+2.42861287e-17j]])], [array([[0.94270328+0.00000000e+00j, 0.10140589-2.09118740e-01j],
       [0.10140589+2.09118740e-01j, 0.05729672+2.08166817e-17j]])], [array([[0.75600027+0.00000000e+00j, 0.376965  -2.05818493e-01j],
       [0.376965  +2.05818493e-01j, 0.24399973+1.24900090e-16j]])]]"
